{"cameraMode":{"drawMode":0,"name":"Shaded","section":"Shading Mode"},"sceneLighting":true,"audioPlay":false,"sceneViewState":{"m_AlwaysRefresh":false,"showFog":true,"showSkybox":true,"showFlares":true,"showImageEffects":true,"showParticleSystems":true,"showVisualEffectGraphs":true,"m_FxEnabled":true},"in2DMode":false,"pivot":{"x":-4.802858352661133,"y":-0.45730161666870119,"z":3.155416488647461},"rotation":{"x":0.09356287121772766,"y":-0.15172748267650605,"z":0.014426610432565213,"w":0.9838945865631104},"size":8.144214630126954,"orthographic":false}