{"cameraMode":{"drawMode":0,"name":"Shaded","section":"Shading Mode"},"sceneLighting":true,"audioPlay":false,"sceneViewState":{"m_AlwaysRefresh":false,"showFog":true,"showSkybox":true,"showFlares":true,"showImageEffects":true,"showParticleSystems":true,"showVisualEffectGraphs":true,"m_FxEnabled":true},"in2DMode":false,"pivot":{"x":4.809532642364502,"y":-2.284365177154541,"z":82.5585708618164},"rotation":{"x":-0.024300143122673036,"y":-0.024896690621972085,"z":0.0005956842796877027,"w":-0.9994292259216309},"size":42.86601638793945,"orthographic":false}