{"cameraMode":{"drawMode":0,"name":"Shaded","section":"Shading Mode"},"sceneLighting":false,"audioPlay":false,"sceneViewState":{"m_AlwaysRefresh":false,"showFog":true,"showSkybox":false,"showFlares":true,"showImageEffects":true,"showParticleSystems":true,"showVisualEffectGraphs":true,"m_FxEnabled":true},"in2DMode":false,"pivot":{"x":-0.2525332272052765,"y":1.3133348226547242,"z":-0.019526004791259767},"rotation":{"x":-0.00026089343009516597,"y":0.9997129440307617,"z":-0.012306484393775463,"w":-0.022198548540472986},"size":1.585230827331543,"orthographic":false}